{
  "deltaCompression": 0.7997514516380713,
  "symbolicDensity": 0.7324999999999999,
  "narrativeCoherence": 0.88,
  "architecturalAlignment": 0.85,
  "timestamp": "2025-06-18T01:54:55.292Z"
}